,total_count,b1_count,b2_count,b3_count,b4_count,b5_count,gender_freq,gender_proximity,tf_idf,deadly_word,deadly_last_5_mention,deadly_last_5density,deadly_last_1_mention,deadly_last_1density,deg_center,between_center,close_center,page_rank
0,82,13,7,33,27,2,1,1,0.011873879934771323,8,28,0.012950971322849213,8,0.017857142857142856,1.0,0.0,1.0,0.002346427927953689
1,342,78,45,68,50,101,1,1,0.014325188151286914,8,8,0.0073937153419593345,2,0.004878048780487805,1.0,0.0,1.0,0.0015552168702100482
2,360,60,41,98,114,47,1,0,0.015446289832691976,0,0,0.0,0,0.0,1.0,0.0,1.0,0.00022738233837497025
3,2368,353,400,577,525,513,1,0,0.0161727242555166,0,0,0.0,0,0.0,1.0,0.0,1.0,0.00021872265966754154
4,402,68,77,56,115,86,1,0,0.023781260321630658,5,17,0.012927756653992395,3,0.006097560975609756,1.0,0.0,1.0,0.0009245606980758602
5,10,0,8,0,0,2,1,0,0.031676961570950346,0,0,0.0,0,0.0,1.0,0.0,1.0,0.000297739814447212
6,67,0,13,15,33,6,1,1,0.005916319670838974,2,7,0.006965174129353234,1,0.005813953488372093,1.0,0.0,1.0,0.0014362728928705814
7,138,47,15,20,50,6,1,1,0.008410024241087003,1,2,0.001976284584980237,0,0.0,1.0,0.0,1.0,0.0009801687806807859
8,18,0,17,1,0,0,1,0,0.008388933271203401,3,6,0.007151370679380214,0,0.0,1.0,0.0,1.0,0.0007363539328069198
9,8,0,1,5,2,0,1,0,0.004745612220367092,2,14,0.007074279939363315,9,0.008174386920980926,1.0,0.0,1.0,0.0014498776098717146
10,165,14,14,18,69,50,0,0,0.09010335735736986,0,0,0.0,0,0.0,1.0,0.0,1.0,0.00021872265966754154
11,58,0,16,18,4,20,1,0,0.008324766712365695,1,8,0.005983545250560957,7,0.0125,1.0,0.0,1.0,0.0009737243229600845
12,87,24,5,15,16,27,1,1,0.005413419333887374,16,28,0.011258544431041415,1,0.0027397260273972603,1.0,0.0,1.0,0.00757272137503957
13,101,24,19,15,16,27,1,1,0.005922917624135598,2,13,0.005909090909090909,7,0.0125,1.0,0.0,1.0,0.0013664404658174202
14,164,34,16,51,8,55,1,1,0.0089474571197011,3,11,0.012429378531073447,11,0.013205282112845138,1.0,0.0,1.0,0.0018725266400024256
15,666,62,108,206,144,146,1,0,0.008619581379850434,3,30,0.012987012987012988,15,0.014577259475218658,1.0,0.0,1.0,0.0012838467112066237
16,74,1,47,17,7,2,1,1,0.025993977147772275,15,3,0.03225806451612903,1,0.045454545454545456,1.0,0.0,1.0,0.0007709190805308039
17,55,0,19,11,13,12,1,0,0.009459976598764689,1,8,0.0055248618784530384,7,0.0125,1.0,0.0,1.0,0.0008833584259527086
18,14,0,3,1,9,1,1,1,0.007190742763931977,3,17,0.013006885998469778,3,0.006097560975609756,1.0,0.0,1.0,0.0009802652372259742
19,11,0,2,2,5,2,1,1,0.004683356166457622,5,36,0.012600630031501575,8,0.017857142857142856,1.0,0.0,1.0,0.0020617519725767324
20,57,6,5,7,38,1,1,1,0.00747352613595007,4,18,0.008871365204534253,0,0.0,1.0,0.0,1.0,0.0020131450136856256
21,28,0,14,12,2,0,1,0,0.0031431403729315064,2,6,0.006644518272425249,5,0.0056947608200455585,1.0,0.0,1.0,0.0007230482841820724
22,245,3,20,40,131,51,1,1,0.021511627473475885,3,7,0.006986027944111776,3,0.007853403141361256,1.0,0.0,1.0,0.0010131916571200516
23,160,34,16,51,4,55,1,0,0.013914913147658645,3,11,0.012074643249176729,11,0.013205282112845138,1.0,0.0,1.0,0.0015051003585159195
24,19,0,0,6,2,11,1,0,0.004262201776274123,2,3,0.0078125,3,0.010135135135135136,1.0,0.0,1.0,0.0023085537920185385
25,807,161,193,159,111,183,1,0,0.003793125088161065,1,9,0.008174386920980926,9,0.008174386920980926,1.0,0.0,1.0,0.0013437631881705481
26,160,34,16,51,4,55,1,1,0.006585280178090837,1,11,0.012761020881670533,11,0.013205282112845138,1.0,0.0,1.0,0.0007833360482160332
27,50,3,14,6,21,6,1,0,0.00523578187454523,2,6,0.005212858384013901,1,0.0027397260273972603,1.0,0.0,1.0,0.0009267780552146807
28,107,5,16,6,71,9,1,0,0.010524195376758385,7,16,0.012139605462822459,3,0.007853403141361256,1.0,0.0,1.0,0.002874020766127995
29,1273,168,281,271,281,272,1,0,0.011935061649958063,2,23,0.01119221411192214,13,0.01463963963963964,1.0,0.0,1.0,0.0015313211060125008
30,4,0,0,0,0,4,1,0,0.0051982706167713385,0,0,0.0,0,0.0,1.0,0.0,1.0,0.0006654558070446342
31,326,14,80,54,127,51,1,1,0.01742597548277606,6,15,0.015105740181268883,13,0.01463963963963964,1.0,0.0,1.0,0.0023968540141160225
32,63,1,0,1,2,59,1,0,0.008613172769159093,2,11,0.011982570806100218,11,0.013205282112845138,1.0,0.0,1.0,0.001366373391640161
33,400,73,10,35,21,261,1,1,0.028559603892514947,5,10,0.011454753722794959,3,0.012195121951219513,1.0,0.0,1.0,0.0009279553129780564
34,149,8,18,85,11,27,1,1,0.015594811850314015,0,0,0.0,0,0.0,1.0,0.0,1.0,0.00038557112651686315
35,14,0,3,3,7,1,1,0,0.004990954063369823,2,22,0.010832102412604629,13,0.01463963963963964,1.0,0.0,1.0,0.0015419826862697857
36,2,1,0,1,0,0,1,1,0.2027325540540822,0,0,0.0,0,0.0,1.0,0.0,1.0,0.00034307897749972523
37,8,0,1,3,1,3,1,1,0.0031109854842058648,1,9,0.00804289544235925,3,0.010135135135135136,1.0,0.0,1.0,0.001585747366729041
38,5,0,0,4,1,0,1,0,0.0049019961256600185,1,4,0.0069084628670120895,3,0.00974025974025974,1.0,0.0,1.0,0.000587185463004054
39,3,0,0,0,2,1,1,0,0.028961793436297456,0,0,0.0,0,0.0,1.0,0.0,1.0,0.00041795912132899213
40,167,20,7,36,16,88,1,0,0.013337668029873828,16,20,0.011098779134295227,2,0.004878048780487805,1.0,0.0,1.0,0.0034232041904312754
41,167,20,7,36,16,88,1,0,0.016195739750561076,6,6,0.008708272859216255,2,0.004878048780487805,1.0,0.0,1.0,0.0011423587356713463
42,54,7,26,10,1,10,1,0,0.007323181090047938,5,28,0.011195521791283487,11,0.013205282112845138,1.0,0.0,1.0,0.0017726885925600775
43,1376,450,331,278,134,183,1,0,0.014766038237265355,5,15,0.012274959083469721,11,0.013205282112845138,1.0,0.0,1.0,0.0028263465263494163
44,188,23,15,116,29,5,1,1,0.02630488283722506,9,10,0.01059322033898305,7,0.0125,1.0,0.0,1.0,0.0010534102654741952
45,46,23,12,2,1,8,1,0,0.014147870544614775,1,11,0.011689691817215728,11,0.012835472578763127,1.0,0.0,1.0,0.0007743605104178869
46,830,70,103,229,149,279,1,1,0.01775298295939299,1,10,0.017006802721088437,6,0.02027027027027027,1.0,0.0,1.0,0.0006675561014774098
47,57,0,36,5,16,0,1,0,0.011882431031122943,2,3,0.008797653958944282,3,0.00974025974025974,1.0,0.0,1.0,0.0014832749782711019
48,2434,393,482,587,379,593,1,1,0.01819369697722809,9,59,0.012531860662701785,11,0.013205282112845138,1.0,0.0,1.0,0.004004226395839675
49,23,0,0,0,0,23,1,0,0.01339052536684823,2,2,0.004273504273504274,2,0.004878048780487805,1.0,0.0,1.0,0.0005467735756308428
50,25,2,1,4,17,1,1,1,0.005682528308193565,2,14,0.006760019314340898,9,0.008174386920980926,1.0,0.0,1.0,0.001477870308694146
51,103,0,12,5,66,20,1,0,0.015312126439130075,2,17,0.01327088212334114,3,0.006097560975609756,1.0,0.0,1.0,0.0007817492675148487
52,13,0,0,0,0,13,1,1,0.017511782077761252,0,4,0.022099447513812154,4,0.027586206896551724,1.0,0.0,1.0,0.0006262497864693923
53,1588,542,426,281,134,205,1,0,0.02644808345351263,7,12,0.011049723756906077,1,0.005813953488372093,1.0,0.0,1.0,0.0021367527963548913
54,2,0,0,2,0,0,1,1,0.023850888712244965,0,0,0.0,0,0.0,1.0,0.0,1.0,0.0004809481245199815
55,294,115,70,78,24,7,1,0,0.01856319168641707,18,13,0.014054054054054054,13,0.01463963963963964,1.0,0.0,1.0,0.0021794626491244517
56,37,0,0,0,29,8,1,1,0.012720473979863981,3,3,0.010676156583629894,3,0.013761467889908258,1.0,0.0,1.0,0.000494229031342471
57,29,4,19,2,3,1,1,1,0.012276487713956197,2,9,0.009036144578313253,7,0.0125,1.0,0.0,1.0,0.0008286045211324479
58,760,140,138,176,108,198,1,1,0.006391988041642108,1,10,0.0068212824010914054,7,0.0125,1.0,0.0,1.0,0.0012624291302229021
59,291,72,41,83,72,23,1,0,0.014869414188440382,6,23,0.010136624063464082,1,0.0035587188612099642,1.0,0.0,1.0,0.002585739317872959
60,22,0,0,19,2,1,1,0,0.007317886309438796,3,7,0.005852842809364548,1,0.0027397260273972603,1.0,0.0,1.0,0.0008301472872360655
61,2,2,0,0,0,0,1,1,0.033788759009013694,0,0,0.0,0,0.0,1.0,0.0,1.0,0.00036903586477661553
62,1,0,1,0,0,0,1,1,0.04505167867868493,0,0,0.0,0,0.0,1.0,0.0,1.0,0.0005356306375989784
63,1176,489,287,306,72,22,1,1,0.02230973857906398,11,2,0.0032626427406199023,1,0.0035587188612099642,1.0,0.0,1.0,0.0028397454793667692
64,27,0,0,8,1,18,1,0,0.007911514304549548,1,3,0.008902077151335312,3,0.010135135135135136,1.0,0.0,1.0,0.0020361642166563925
65,1740,455,300,283,512,190,1,1,0.0244377278545813,14,28,0.014621409921671017,8,0.017857142857142856,1.0,0.0,1.0,0.0038035640839447116
66,15,3,10,1,0,1,1,0,0.0076578897157605595,4,7,0.008018327605956471,0,0.0,1.0,0.0,1.0,0.0007833653212923308
67,101,21,10,70,0,0,1,1,0.023425899874499778,6,2,0.0037105751391465678,2,0.004329004329004329,1.0,0.0,1.0,0.001036296806942014
68,21,0,18,3,0,0,1,1,0.011360858101581417,4,12,0.016260162601626018,4,0.011299435028248588,1.0,0.0,1.0,0.0008082143836929068
69,76,17,8,19,28,4,1,0,0.007180609942883667,2,2,0.0024937655860349127,1,0.0035587188612099642,1.0,0.0,1.0,0.0010357919423469428
70,60,7,23,14,2,14,1,0,0.008977087264387403,3,32,0.012835940633774568,11,0.013205282112845138,1.0,0.0,1.0,0.0017298325552928247
71,73,6,1,26,7,33,1,1,0.013951487590818558,7,5,0.013550135501355014,3,0.010135135135135136,1.0,0.0,1.0,0.001768460516801813
72,25,0,0,5,3,17,1,0,0.01694481048810239,2,1,0.004672897196261682,1,0.005813953488372093,1.0,0.0,1.0,0.0004754959701481888
73,11,0,11,0,0,0,1,0,0.01384515003296171,0,0,0.0,0,0.0,1.0,0.0,1.0,0.0005534333592808308
74,7,0,4,1,1,1,1,0,0.003648729881738262,1,6,0.0069605568445475635,0,0.0,1.0,0.0,1.0,0.0012999090569517332
75,49,0,45,4,0,0,1,1,0.03212065724393036,2,1,0.0028735632183908046,0,0.0,1.0,0.0,1.0,0.0005474215305313469
76,3,0,0,0,2,1,1,0,0.006395348708330669,3,18,0.014195583596214511,3,0.006097560975609756,1.0,0.0,1.0,0.0009324692110890321
77,160,34,16,51,4,55,1,1,0.011229498543054996,2,12,0.013559322033898305,11,0.013205282112845138,1.0,0.0,1.0,0.0008864665441951634
78,91,0,81,9,1,0,1,0,0.02612598927797395,8,1,0.0125,0,0.0,1.0,0.0,1.0,0.0004383775583011772
79,8,0,8,0,0,0,1,1,0.009163053290579986,0,1,0.0036496350364963502,1,0.005291005291005291,1.0,0.0,1.0,0.000682187206411039
80,534,157,124,137,10,106,1,0,0.010126294748878724,2,22,0.012443438914027148,11,0.013205282112845138,1.0,0.0,1.0,0.001379119071121146
81,461,78,35,55,35,258,1,1,0.0251953934508744,5,6,0.008321775312066574,2,0.004878048780487805,1.0,0.0,1.0,0.0014003824459116576
82,42,0,33,1,2,6,1,1,0.01084973530544074,6,4,0.007054673721340388,3,0.006097560975609756,1.0,0.0,1.0,0.001095508423476905
83,58,0,16,18,4,20,1,1,0.006793335942453687,1,8,0.005983545250560957,7,0.0125,1.0,0.0,1.0,0.0009483169274044064
84,246,30,50,85,42,39,1,0,0.01403850679804235,0,0,0.0,0,0.0,1.0,0.0,1.0,0.0006814714407261115
85,29,0,2,4,4,19,1,1,0.00580296210639077,3,30,0.013094718463553033,15,0.014577259475218658,1.0,0.0,1.0,0.0014578533692207226
86,666,62,108,206,144,146,1,1,0.010610974219730184,6,30,0.013636363636363636,7,0.01580135440180587,1.0,0.0,1.0,0.0021315988029914075
87,75,11,37,3,2,22,1,1,0.04678443555094205,1,1,0.014084507042253521,0,0.0,1.0,0.0,1.0,0.0005180724955240271
88,696,0,219,289,4,184,1,0,0.027481881831000813,2,9,0.010250569476082005,7,0.0125,1.0,0.0,1.0,0.0010632792891840993
89,7,0,2,3,1,1,1,0,0.004720199163075254,3,2,0.0024449877750611247,1,0.0035587188612099642,1.0,0.0,1.0,0.0009781190439203337
90,234,25,38,75,38,58,1,1,0.017581307763429782,2,4,0.0064,3,0.010135135135135136,1.0,0.0,1.0,0.0020876592957497168
91,59,15,19,20,3,2,1,0,0.008846511449632678,7,1,0.0009794319294809011,1,0.0035587188612099642,1.0,0.0,1.0,0.0016265487295811746
92,72,0,18,24,4,26,1,1,0.013258554865894348,1,10,0.007423904974016332,7,0.0125,1.0,0.0,1.0,0.0008260194312552972
93,2,0,0,0,0,2,1,0,0.002420687212586056,0,0,0.0,0,0.0,1.0,0.0,1.0,0.0006512806208151729
94,130,0,0,26,70,34,1,1,0.013666421137640777,3,4,0.0064516129032258064,0,0.0,1.0,0.0,1.0,0.001132271091107092
95,97,15,26,28,17,11,1,1,0.015354409254766279,12,1,0.0037593984962406013,1,0.005813953488372093,1.0,0.0,1.0,0.0017460042209069008
96,106,14,5,69,3,15,1,0,0.025668979712273974,10,7,0.013861386138613862,4,0.027586206896551724,1.0,0.0,1.0,0.0013710023366303495
97,69,9,5,29,19,7,1,1,0.005752859540909944,1,14,0.018134715025906734,14,0.018134715025906734,1.0,0.0,1.0,0.0009239079808629256
98,464,49,53,112,99,151,1,1,0.006198817644856451,2,23,0.012214551248008496,3,0.010135135135135136,1.0,0.0,1.0,0.0020848876449359433
99,88,9,5,29,38,7,1,1,0.006288009265645753,4,25,0.008366800535475234,0,0.0,1.0,0.0,1.0,0.001779671037121633
100,123,2,52,47,22,0,1,1,0.01802931862669061,2,1,0.011235955056179775,0,0.0,1.0,0.0,1.0,0.0014081409239722522
101,172,3,20,40,58,51,1,0,0.012840121087678652,7,16,0.010145846544071021,0,0.0,1.0,0.0,1.0,0.0027313613032999085
102,149,7,8,25,44,65,1,0,0.019763434328774233,0,0,0.0,0,0.0,1.0,0.0,1.0,0.00046205824164103937
103,7,0,7,0,0,0,1,1,0.04004593660327549,1,1,0.014492753623188406,1,0.09090909090909091,1.0,0.0,1.0,0.00039700938378035817
104,1,0,0,1,0,0,0,0,0.2027325540540822,0,0,0.0,0,0.0,1.0,0.0,1.0,0.0004496346932416566
105,26,0,4,1,19,2,1,0,0.009558493042854065,2,17,0.012947448591012947,3,0.006097560975609756,1.0,0.0,1.0,0.0008729697021247239
106,103,0,12,5,66,20,0,0,0.16218604324326577,0,0,0.0,0,0.0,1.0,0.0,1.0,0.000519276569427344
107,221,40,45,56,32,48,1,1,0.025729055025212267,26,0,0.0,0,0.0,1.0,0.0,1.0,0.0012669218708132365
108,385,185,70,51,23,56,1,1,0.01576788753896617,4,37,0.011253041362530414,11,0.013205282112845138,1.0,0.0,1.0,0.0018900508337459123
109,32,0,4,9,5,14,1,1,0.003246606737520889,1,9,0.00800711743772242,3,0.010135135135135136,1.0,0.0,1.0,0.0014770388805485715
110,79,9,7,37,17,9,1,0,0.007691492683082276,3,10,0.005698005698005698,3,0.007853403141361256,1.0,0.0,1.0,0.0012997604991238374
111,666,62,108,206,144,146,1,0,0.014241543053385939,3,15,0.01358695652173913,15,0.014577259475218658,1.0,0.0,1.0,0.0018147334209317966
112,2671,546,580,662,480,403,1,1,0.011965310394892228,11,27,0.01195219123505976,11,0.013205282112845138,1.0,0.0,1.0,0.0032877536602743127
113,62,1,3,38,18,2,1,0,0.006764798466872399,2,15,0.01564129301355579,11,0.01896551724137931,1.0,0.0,1.0,0.0009683804387093843
114,198,4,22,31,76,65,1,0,0.0208977869700298,3,3,0.007246376811594203,3,0.007853403141361256,1.0,0.0,1.0,0.0009206361232962638
115,4,1,2,1,0,0,1,1,0.01057735064629994,0,0,0.0,0,0.0,1.0,0.0,1.0,0.0008809973036059194
116,666,62,108,206,144,146,1,0,0.010874720429744194,11,54,0.015938606847697757,8,0.017857142857142856,1.0,0.0,1.0,0.003262734325535162
117,12,0,0,3,1,8,1,1,0.00523440556644105,1,0,0.0,0,0.0,1.0,0.0,1.0,0.0014468031968887197
118,8,0,0,4,2,2,1,0,0.003044032343154387,3,10,0.005393743257820928,1,0.0035587188612099642,1.0,0.0,1.0,0.0010313338040344707
119,1,0,1,0,0,0,1,0,0.03118962370062803,0,0,0.0,0,0.0,1.0,0.0,1.0,0.0005285744892790282
120,31,1,0,0,19,11,1,1,0.014642535092546973,2,17,0.01293759512937595,3,0.006097560975609756,1.0,0.0,1.0,0.0007807613927478985
121,14,6,0,2,0,6,1,1,0.03556711474633021,1,1,0.015384615384615385,1,0.06666666666666667,1.0,0.0,1.0,0.0005306078853459206
122,807,161,193,159,111,183,1,0,0.003793125088161065,1,9,0.008174386920980926,9,0.008174386920980926,1.0,0.0,1.0,0.001293578389159344
123,5,0,0,0,0,5,1,0,0.030258590157325696,0,0,0.0,0,0.0,1.0,0.0,1.0,0.0008154157497367743
124,57,0,6,9,37,5,1,1,0.00907849258699067,3,27,0.009291121816930488,13,0.01463963963963964,1.0,0.0,1.0,0.0018809477391880868
125,695,91,108,206,144,146,1,0,0.015625800517205107,4,30,0.013605442176870748,7,0.01580135440180587,1.0,0.0,1.0,0.001229396767241984
126,5,0,1,4,0,0,1,0,0.018264194058926323,0,0,0.0,0,0.0,1.0,0.0,1.0,0.0004493410378154638
127,21,2,1,4,13,1,1,0,0.011670013151707542,3,11,0.017741935483870968,11,0.01896551724137931,1.0,0.0,1.0,0.0011405418051845843
128,18,0,8,5,4,1,1,1,0.005349143906440163,5,22,0.010896483407627538,13,0.01463963963963964,1.0,0.0,1.0,0.0017034781069060708
129,1,0,0,0,1,0,0,0,0.05068313851352055,0,0,0.0,0,0.0,1.0,0.0,1.0,0.00043198853179533006
130,28,0,0,0,3,25,1,0,0.029303525512241968,2,1,0.003048780487804878,0,0.0,1.0,0.0,1.0,0.0005993607315278342
131,36,33,3,0,0,0,1,1,0.0343155325347667,2,0,0.0,0,0.0,1.0,0.0,1.0,0.00048178248516973375
132,5,0,5,0,0,0,1,0,0.027771582747134545,0,0,0.0,0,0.0,1.0,0.0,1.0,0.0006661187121670669
133,23,0,6,5,8,4,1,1,0.0033285369166678137,2,17,0.010890454836643177,8,0.017857142857142856,1.0,0.0,1.0,0.0016227379486792215
134,77,1,0,28,20,28,1,0,0.007621273260400781,1,3,0.008746355685131196,3,0.010135135135135136,1.0,0.0,1.0,0.0016143275232581912
135,211,4,23,41,110,33,1,0,0.0082898060025412,2,6,0.003355704697986577,1,0.0027397260273972603,1.0,0.0,1.0,0.0014498229767328265
136,8,0,6,0,0,2,1,1,0.021769938690371242,0,0,0.0,0,0.0,1.0,0.0,1.0,0.0011008246764655982
137,1398,455,300,283,170,190,1,0,0.0109006783146348,8,56,0.01384083044982699,8,0.017857142857142856,1.0,0.0,1.0,0.002548798358824994
138,58,9,4,19,17,9,1,0,0.010633859076173325,1,3,0.005119453924914676,0,0.0,1.0,0.0,1.0,0.0006531471867585829
139,93,0,0,0,0,93,1,0,0.032105087058393905,2,0,0.0,0,0.0,1.0,0.0,1.0,0.0004290506184955302
140,17,0,0,5,4,8,1,1,0.02746178023043344,0,0,0.0,0,0.0,1.0,0.0,1.0,0.00048473769611957356
141,7,0,0,0,7,0,1,1,0.00574545699748411,0,1,0.0021551724137931034,1,0.002398081534772182,1.0,0.0,1.0,0.00081405994878693
142,99,17,19,13,28,22,1,1,0.00600985832176133,2,3,0.0029644268774703555,0,0.0,1.0,0.0,1.0,0.0009862015881797312
143,27,0,0,4,18,5,1,0,0.004532284097511725,1,9,0.00804289544235925,3,0.010135135135135136,1.0,0.0,1.0,0.0013340244814233886
144,22,0,0,0,1,21,1,0,0.00886262531383966,1,2,0.001869158878504673,0,0.0,1.0,0.0,1.0,0.000654595835995114
145,2,2,0,0,0,0,1,1,0.05792358687259491,0,0,0.0,0,0.0,1.0,0.0,1.0,0.00049882209823238
146,39,0,4,2,30,3,1,0,0.013720522911478142,2,15,0.01910828025477707,14,0.018134715025906734,1.0,0.0,1.0,0.0007041430259864818
147,39,0,4,2,30,3,1,0,0.010383862524721283,1,14,0.018134715025906734,14,0.018134715025906734,1.0,0.0,1.0,0.0006723007645695568
148,103,0,3,25,26,49,1,0,0.022102421306648058,2,5,0.00931098696461825,1,0.008620689655172414,1.0,0.0,1.0,0.0005740576375968859
149,132,0,0,25,7,100,1,0,0.020959192618373156,0,0,0.0,0,0.0,1.0,0.0,1.0,0.0013296075972528863
150,325,70,49,143,48,15,1,1,0.017739098479732193,23,17,0.012908124525436599,3,0.007853403141361256,1.0,0.0,1.0,0.002766777442713856
151,937,170,156,189,174,248,1,1,0.018266755974013598,2,0,0.0,0,0.0,1.0,0.0,1.0,0.0009218179809405862
152,18,0,0,17,1,0,1,1,0.009356887110188408,1,10,0.01597444089456869,6,0.02027027027027027,1.0,0.0,1.0,0.000830209903374304
153,41,0,0,17,1,23,1,0,0.012074601194406325,3,0,0.0,0,0.0,1.0,0.0,1.0,0.0009940982022329245
154,101,24,11,27,7,32,1,1,0.020913273695218795,7,12,0.0136986301369863,11,0.013205282112845138,1.0,0.0,1.0,0.0008861781667433023
155,13,0,5,8,0,0,1,1,0.018020671471473973,0,0,0.0,0,0.0,1.0,0.0,1.0,0.0004522376802414517
156,39,0,4,2,30,3,1,1,0.009889392880686937,1,14,0.01797175866495507,14,0.018134715025906734,1.0,0.0,1.0,0.0007751241372768755
157,98,1,24,10,61,2,1,1,0.009232481261885025,1,14,0.018134715025906734,14,0.018134715025906734,1.0,0.0,1.0,0.0010217208239845228
158,107,1,24,15,61,6,1,1,0.010378582384050062,4,24,0.011793611793611793,13,0.01463963963963964,1.0,0.0,1.0,0.0018075655641042947
159,39,0,4,2,30,3,1,1,0.009889392880686937,1,14,0.01797175866495507,14,0.018134715025906734,1.0,0.0,1.0,0.0008455140279709246
160,56,12,11,10,7,16,1,1,0.013648854480715922,1,4,0.011527377521613832,3,0.010135135135135136,1.0,0.0,1.0,0.0013736002886649583
161,32,23,1,5,1,2,1,1,0.0130795196163924,2,8,0.011627906976744186,3,0.010135135135135136,1.0,0.0,1.0,0.001003925795809055
162,11,9,1,0,1,0,1,0,0.007797405925157007,1,11,0.011840688912809472,11,0.012835472578763127,1.0,0.0,1.0,0.0011711135401559778
163,33,0,22,1,10,0,1,1,0.00675775180180274,2,9,0.007725321888412017,9,0.008174386920980926,1.0,0.0,1.0,0.0015392681838695946
164,21,0,5,8,5,3,1,1,0.006224245080607786,4,23,0.011127237542331882,13,0.01463963963963964,1.0,0.0,1.0,0.0015177976680284407
165,4,0,0,0,0,4,1,0,0.02938152957305539,1,1,0.014492753623188406,0,0.0,1.0,0.0,1.0,0.0005023301846035768
166,273,48,60,78,46,41,1,1,0.010317178323362961,2,15,0.01913265306122449,14,0.018134715025906734,1.0,0.0,1.0,0.0011355756020267423
167,18,0,8,0,9,1,1,1,0.008880650052431634,3,17,0.012849584278155708,3,0.006097560975609756,1.0,0.0,1.0,0.0011202388593907523
168,103,0,12,5,66,20,1,1,0.017000101528940558,2,17,0.012849584278155708,3,0.006097560975609756,1.0,0.0,1.0,0.000627538587749865
169,10,0,0,0,0,10,1,0,0.010469756312652132,1,0,0.0,0,0.0,1.0,0.0,1.0,0.0005451184994975175
170,71,1,6,2,20,42,1,1,0.012865592242882546,1,2,0.004132231404958678,2,0.004878048780487805,1.0,0.0,1.0,0.0006238806799124928
171,92,19,7,27,14,25,1,1,0.006141472132910031,2,11,0.012485811577752554,11,0.013205282112845138,1.0,0.0,1.0,0.0014969718620612721
172,75,6,8,8,40,13,1,0,0.012810024019900798,6,8,0.015625,8,0.017857142857142856,1.0,0.0,1.0,0.0012927205728021551
173,1483,347,330,272,328,206,1,1,0.013323059412097406,0,2,0.004329004329004329,2,0.004329004329004329,1.0,0.0,1.0,0.0010372700177049565
174,1031,218,176,207,211,219,1,0,0.01639553455331923,3,13,0.013903743315508022,13,0.01463963963963964,1.0,0.0,1.0,0.0017520689476507552
175,176,17,40,42,59,18,1,1,0.007447808622172485,5,26,0.008904109589041096,1,0.0027397260273972603,1.0,0.0,1.0,0.002335496137441618
176,519,76,139,178,2,124,1,1,0.03168688175820388,16,1,0.00425531914893617,1,0.005813953488372093,1.0,0.0,1.0,0.0012409413826257026
177,30,0,0,0,0,30,1,1,0.02909587581331735,1,5,0.0273224043715847,4,0.027586206896551724,1.0,0.0,1.0,0.0011691396017046664
178,176,17,40,42,59,18,1,0,0.007694603529819341,4,26,0.008904109589041096,1,0.0027397260273972603,1.0,0.0,1.0,0.0024380258986388065
179,666,62,108,206,144,146,1,1,0.013278010728781741,6,7,0.013972055888223553,7,0.01580135440180587,1.0,0.0,1.0,0.0017952953008817166
180,593,69,206,160,54,104,1,1,0.031347888236427875,11,2,0.00423728813559322,1,0.25,1.0,0.0,1.0,0.001119360130079043
181,113,14,15,23,31,30,1,1,0.016754756533395223,0,5,0.02066115702479339,4,0.027586206896551724,1.0,0.0,1.0,0.001178947445856686
182,21,5,1,0,5,10,1,1,0.004818960654685204,3,22,0.011695906432748537,2,0.004878048780487805,1.0,0.0,1.0,0.0015082272997636926
183,23,14,2,5,1,1,1,1,0.011196275174584422,4,4,0.006482982171799027,0,0.0,1.0,0.0,1.0,0.0014161020845827564
184,354,60,25,95,78,96,1,0,0.016511108816174895,43,21,0.014778325123152709,3,0.012195121951219513,1.0,0.0,1.0,0.0021720547246379725
185,2,0,0,2,0,0,1,0,0.003965428930153197,1,10,0.012224938875305624,10,0.012738853503184714,1.0,0.0,1.0,0.0013016676566134568
186,155,27,32,32,59,5,1,0,0.0163756924144562,6,18,0.01120099564405725,8,0.017857142857142856,1.0,0.0,1.0,0.0018727525079167363
187,1028,121,174,177,212,344,1,0,0.014903513202272017,2,3,0.008522727272727272,3,0.010135135135135136,1.0,0.0,1.0,0.0014025199334932704
188,3,0,0,0,0,3,1,1,0.005300197491609992,1,1,0.0032679738562091504,0,0.0,1.0,0.0,1.0,0.0010255654414498883
189,50,4,0,12,14,20,1,1,0.009470918232722865,1,4,0.010810810810810811,3,0.010135135135135136,1.0,0.0,1.0,0.002045943205505663
190,44,4,0,12,8,20,1,1,0.007274763280207418,2,5,0.006693440428380187,2,0.004878048780487805,1.0,0.0,1.0,0.0026000552057122072
191,2144,455,300,578,621,190,1,1,0.02697937204540158,23,21,0.015184381778741865,8,0.017857142857142856,1.0,0.0,1.0,0.0026091513111218107
192,493,30,54,189,155,65,1,0,0.006158143128741106,1,5,0.0041981528127623844,1,0.0027397260273972603,1.0,0.0,1.0,0.0007778319016633535
193,73,0,53,9,10,1,1,0,0.0341647865337563,1,2,0.016666666666666666,0,0.0,1.0,0.0,1.0,0.0004888162816491148
194,43,26,7,2,6,2,1,0,0.0399435887169753,1,1,0.00980392156862745,0,0.0,1.0,0.0,1.0,0.0005922321214456161
195,22,0,15,6,0,1,1,1,0.0473920256230322,0,0,0.0,0,0.0,1.0,0.0,1.0,0.0005243053077974768
196,4,0,0,3,1,0,1,1,0.028553880852687633,1,2,0.028169014084507043,1,0.06666666666666667,1.0,0.0,1.0,0.000901892862583977
197,534,157,124,137,10,106,1,0,0.007553254094761683,4,27,0.012085944494180842,1,0.005813953488372093,1.0,0.0,1.0,0.001430690788636103
198,279,62,36,59,46,76,1,0,0.013372979782791155,4,1,0.014285714285714285,1,0.05555555555555555,1.0,0.0,1.0,0.0006896832296751747
199,14,7,2,1,1,3,1,1,0.008789535802533253,3,7,0.0075675675675675675,0,0.0,1.0,0.0,1.0,0.0009319792756627188
200,124,42,10,28,6,38,1,0,0.01743525417790914,7,0,0.0,0,0.0,1.0,0.0,1.0,0.00135966270361423
201,59,4,5,4,33,13,1,1,0.011308890770363768,2,10,0.008503401360544218,9,0.008174386920980926,1.0,0.0,1.0,0.0013764380549233875
202,221,8,54,105,16,38,1,0,0.0182123807424471,5,12,0.011428571428571429,1,0.005813953488372093,1.0,0.0,1.0,0.0019290576547813135
203,3180,825,464,840,140,911,1,0,0.023034728733055187,3,17,0.010618363522798251,8,0.017857142857142856,1.0,0.0,1.0,0.0017071899024319907
204,3180,825,464,840,140,911,1,0,0.023230052456230218,4,15,0.005597014925373134,1,0.0027397260273972603,1.0,0.0,1.0,0.0017063772088928776
205,3180,825,464,840,140,911,1,0,0.023061669936251743,3,26,0.01070840197693575,11,0.012835472578763127,1.0,0.0,1.0,0.0019449178157480457
206,3180,825,464,840,140,911,1,0,0.023061669936251743,3,26,0.01070840197693575,11,0.012835472578763127,1.0,0.0,1.0,0.0015875698742845936
207,81,14,5,16,9,37,1,1,0.010072390518276327,3,1,0.0029585798816568047,1,0.0035587188612099642,1.0,0.0,1.0,0.0009495262564451392
208,112,92,10,6,1,3,1,0,0.034271755564145655,2,4,0.021621621621621623,1,0.029411764705882353,1.0,0.0,1.0,0.00046492053383574255
209,14,5,9,0,0,0,1,0,0.017628917743833232,0,0,0.0,0,0.0,1.0,0.0,1.0,0.0004423821787786151
210,10,5,2,0,3,0,1,1,0.010113642152357842,1,2,0.005376344086021506,2,0.006230529595015576,1.0,0.0,1.0,0.0006228865149719697
211,4,1,2,1,0,0,1,1,0.01057735064629994,0,0,0.0,0,0.0,1.0,0.0,1.0,0.0006300877563185397
212,5,0,1,1,2,1,1,1,0.005380579633662845,2,22,0.01042654028436019,7,0.01580135440180587,1.0,0.0,1.0,0.0008683722759887474
213,15,15,0,0,0,0,1,0,0.024761227976071106,1,1,0.013157894736842105,0,0.0,1.0,0.0,1.0,0.0008944478055204904
214,49,9,7,12,19,2,1,1,0.010409561322751872,2,1,0.0017064846416382253,1,0.0035587188612099642,1.0,0.0,1.0,0.0007710414616352878
215,6,0,0,6,0,0,1,0,0.0715526661367349,0,0,0.0,0,0.0,1.0,0.0,1.0,0.0005044922618651058
216,1,1,0,0,0,0,1,0,0.01013662770270411,0,0,0.0,0,0.0,1.0,0.0,1.0,0.0004032766311359497
217,9,0,0,0,0,9,1,1,0.009122964932433699,0,0,0.0,0,0.0,1.0,0.0,1.0,0.0006276235499277748
218,5,0,0,0,0,5,1,0,0.005068313851352055,0,0,0.0,0,0.0,1.0,0.0,1.0,0.0006203583593483305
219,33,0,0,0,0,33,1,1,0.020982110489513404,3,3,0.007653061224489796,0,0.0,1.0,0.0,1.0,0.0006930553398974313
220,101,0,3,23,26,49,1,0,0.020304019070666805,2,3,0.006741573033707865,2,0.006230529595015576,1.0,0.0,1.0,0.0004607776947306082
221,128,0,3,50,26,49,1,1,0.04383406574142318,0,0,0.0,0,0.0,1.0,0.0,1.0,0.00037380005134591
222,8,8,0,0,0,0,1,0,0.02237048872320907,0,0,0.0,0,0.0,1.0,0.0,1.0,0.0005290311903251293
223,384,73,119,85,49,58,1,1,0.006009509012937049,0,0,0.0,0,0.0,1.0,0.0,1.0,0.0006178177371970317
224,2463,357,426,641,645,394,1,1,0.020318063588637424,1,3,0.008021390374331552,0,0.0,1.0,0.0,1.0,0.0008347083352489062
225,30,2,6,14,2,6,1,0,0.009408247268976867,1,0,0.0,0,0.0,1.0,0.0,1.0,0.0006879702015841192
226,203,12,24,85,45,37,1,0,0.004126602091915035,0,0,0.0,0,0.0,1.0,0.0,1.0,0.0006867272434830509
227,16,0,0,11,3,2,1,0,0.007372092874693897,2,6,0.0049586776859504135,3,0.007853403141361256,1.0,0.0,1.0,0.0011398772575487539
228,452,107,73,95,55,122,1,0,0.01854459111343386,5,3,0.008875739644970414,3,0.010135135135135136,1.0,0.0,1.0,0.0009948014580078504
229,130,0,0,123,7,0,1,0,0.028022271223272294,16,4,0.011299435028248588,3,0.00974025974025974,1.0,0.0,1.0,0.0010047601077370007
230,8,0,0,1,6,1,1,0,0.011141813006556487,2,15,0.017921146953405017,14,0.018134715025906734,1.0,0.0,1.0,0.000739769762852478
231,493,30,54,189,155,65,1,0,0.012438718975845703,1,3,0.003067484662576687,3,0.005703422053231939,1.0,0.0,1.0,0.0007894225609369813
232,13,0,0,1,2,10,1,1,0.005513317320818086,2,22,0.01301775147928994,11,0.013205282112845138,1.0,0.0,1.0,0.0020645452700743376
233,23,1,2,4,11,5,1,0,0.003909144052462217,5,13,0.012037037037037037,3,0.010135135135135136,1.0,0.0,1.0,0.0020577844822601598
234,17,2,4,3,4,4,1,1,0.005044957566322782,2,19,0.01848249027237354,8,0.017857142857142856,1.0,0.0,1.0,0.0008122779982818039
235,5,5,0,0,0,0,1,0,0.01718072491983747,0,0,0.0,0,0.0,1.0,0.0,1.0,0.0009131287504139668
236,66,0,16,25,20,5,1,0,0.009187771535226817,3,27,0.009218163195629908,13,0.01463963963963964,1.0,0.0,1.0,0.0020139227388578933
237,502,39,54,189,155,65,1,1,0.0175816552297747,7,15,0.011177347242921014,1,0.0027397260273972603,1.0,0.0,1.0,0.0022073955952719502
238,8380,1436,1584,2007,1643,1710,1,1,0.024885615624493825,10,18,0.011936339522546418,2,0.004878048780487805,1.0,0.0,1.0,0.001562401842715317
239,40,0,31,0,0,9,1,0,0.018542611651288007,3,3,0.005454545454545455,3,0.006097560975609756,1.0,0.0,1.0,0.0009118338475092044
240,61,4,5,16,35,1,1,1,0.012862186208869263,3,2,0.0018957345971563982,0,0.0,1.0,0.0,1.0,0.0013838583703428588
241,92,14,11,13,17,37,1,1,0.0055114956874106336,3,7,0.004380475594493116,1,0.0035587188612099642,1.0,0.0,1.0,0.0011975075702152012
242,9,0,2,3,3,1,1,1,0.0071186266236985705,4,37,0.013533284564740308,7,0.01580135440180587,1.0,0.0,1.0,0.0011272933155734605
243,5,0,0,2,1,2,1,0,0.0041420953155204086,0,3,0.00967741935483871,3,0.010135135135135136,1.0,0.0,1.0,0.0009327076597712873
244,264,140,103,12,3,6,1,0,0.023372241500684114,6,0,0.0,0,0.0,1.0,0.0,1.0,0.0008158308977016848
245,116,17,15,23,57,4,1,1,0.007828307137542043,0,0,0.0,0,0.0,1.0,0.0,1.0,0.0005193601118530359
246,13,0,1,4,3,5,1,0,0.003772938350882423,1,4,0.007220216606498195,3,0.00974025974025974,1.0,0.0,1.0,0.001716916072612507
247,31,0,8,4,16,3,1,0,0.004998029067589085,14,35,0.012135922330097087,8,0.017857142857142856,1.0,0.0,1.0,0.002105182247540055
248,8,0,0,0,0,8,1,0,0.013293937970759489,1,3,0.006607929515418502,2,0.004878048780487805,1.0,0.0,1.0,0.0006879496862133566
249,349,46,52,97,65,89,1,0,0.01910238581784249,1,5,0.008403361344537815,3,0.00974025974025974,1.0,0.0,1.0,0.0007765591107110017
250,149,8,18,85,11,27,1,1,0.16218604324326577,0,0,0.0,0,0.0,1.0,0.0,1.0,0.0005575574539827824
251,23,0,1,11,3,8,1,1,0.01184251358869465,1,14,0.01977401129943503,4,0.027586206896551724,1.0,0.0,1.0,0.00079634588814162
252,150,7,32,33,36,42,1,1,0.04018122692963791,1,1,0.010752688172043012,0,0.0,1.0,0.0,1.0,0.0005493666927005496
253,1,1,0,0,0,0,1,1,0.010396541233542677,0,0,0.0,0,0.0,1.0,0.0,1.0,0.0006893198286747604
254,68,3,45,13,4,3,1,1,0.022654558421281567,0,2,0.0036036036036036037,0,0.0,1.0,0.0,1.0,0.0012706386538324894
255,11,0,6,3,1,1,1,0,0.0035227203137112454,3,28,0.009702009702009701,13,0.01463963963963964,1.0,0.0,1.0,0.0012740745402690995
256,72,26,1,26,19,0,1,0,0.01686588982574714,2,3,0.00505902192242833,2,0.0036496350364963502,1.0,0.0,1.0,0.0011602228949964242
257,666,62,108,206,144,146,1,1,0.006910483502399245,3,31,0.011507052709725315,1,0.002398081534772182,1.0,0.0,1.0,0.0016091192405082904
258,201,23,36,36,41,65,1,1,0.014144803002491851,4,23,0.009270455461507456,13,0.01463963963963964,1.0,0.0,1.0,0.0013604191356641692
259,22,0,5,2,12,3,1,1,0.008931864574104031,3,19,0.011728395061728396,3,0.006097560975609756,1.0,0.0,1.0,0.001151938217710977
260,749,95,149,229,121,155,1,1,0.007322738991210815,3,32,0.012519561815336464,7,0.01580135440180587,1.0,0.0,1.0,0.0011332535944249139
261,30,2,1,2,24,1,1,0,0.008270109853764258,1,2,0.001863932898415657,2,0.0036496350364963502,1.0,0.0,1.0,0.0009115408694214971
262,6,0,0,6,0,0,1,0,0.004723865337182498,0,2,0.003913894324853229,2,0.004329004329004329,1.0,0.0,1.0,0.0008401888130238778
263,3,0,3,0,0,0,1,0,0.038251425293223056,0,0,0.0,0,0.0,1.0,0.0,1.0,0.0006310061974204752
264,58,0,16,18,4,20,1,1,0.006944725171813092,1,8,0.005983545250560957,7,0.0125,1.0,0.0,1.0,0.0012944103415017992
265,4,0,0,2,1,1,1,1,0.0028961793436297458,2,7,0.007142857142857143,1,0.005813953488372093,1.0,0.0,1.0,0.0013059549883386356
266,60,7,23,14,2,14,1,1,0.0025792945808407403,1,5,0.006361323155216285,5,0.006361323155216285,1.0,0.0,1.0,0.0013093387639699044
267,493,30,54,189,155,65,1,0,0.008552779624156593,3,26,0.008968609865470852,1,0.0027397260273972603,1.0,0.0,1.0,0.0012550178567386622
268,3,0,0,0,2,1,1,1,0.001626740654395845,1,2,0.0020060180541624875,0,0.0,1.0,0.0,1.0,0.0008073045312522789
269,1,0,0,1,0,0,1,1,0.016218604324326577,0,0,0.0,0,0.0,1.0,0.0,1.0,0.00047858790865374994
270,6,0,0,0,6,0,1,0,0.005622782701037719,1,3,0.00487012987012987,3,0.005545286506469501,1.0,0.0,1.0,0.0012134351041858424
271,45,4,10,13,10,8,1,0,0.00405288895544884,2,15,0.006584723441615452,1,0.0027397260273972603,1.0,0.0,1.0,0.0010600726377361157
272,56,4,7,23,16,6,1,1,0.013168428737651864,2,15,0.016008537886873,11,0.01896551724137931,1.0,0.0,1.0,0.0009411223849360194
273,666,62,108,206,144,146,1,0,0.018523786664839996,2,23,0.011972930765226444,7,0.01580135440180587,1.0,0.0,1.0,0.0008839588295083158
274,5,0,0,0,0,5,1,0,0.004703771555779169,0,0,0.0,0,0.0,1.0,0.0,1.0,0.000702862872482001
275,9,0,0,0,0,9,1,0,0.007780780326169467,0,0,0.0,0,0.0,1.0,0.0,1.0,0.0009275817065689968
276,106,0,0,39,5,62,1,0,0.0180520663695079,3,0,0.0,0,0.0,1.0,0.0,1.0,0.000830128334591035
277,26,0,0,0,26,0,1,1,0.015617915275277445,0,0,0.0,0,0.0,1.0,0.0,1.0,0.0007563189367062216
278,171,27,14,46,26,58,1,0,0.029575102003183754,13,0,0.0,0,0.0,1.0,0.0,1.0,0.00048038456640214875
279,44,0,0,0,0,44,1,1,0.0244946787674598,3,2,0.012738853503184714,1,0.008620689655172414,1.0,0.0,1.0,0.0006359957303675151
280,89,75,9,5,0,0,1,0,0.025850859283403412,3,0,0.0,0,0.0,1.0,0.0,1.0,0.0005924244497879019
281,2,0,0,0,1,1,1,0,0.001790132927629865,0,0,0.0,0,0.0,1.0,0.0,1.0,0.0006215526784083378
282,2,1,0,0,1,0,1,1,0.006081976621622466,1,3,0.0075,3,0.007692307692307693,1.0,0.0,1.0,0.0005311005825757445
283,12,12,0,0,0,0,1,1,0.025463992296648003,1,1,0.009900990099009901,1,0.2,1.0,0.0,1.0,0.000761654748521196
284,36,0,8,8,4,16,1,0,0.007843193801056029,1,3,0.0036101083032490976,3,0.005545286506469501,1.0,0.0,1.0,0.0008909822323943357
285,57,6,5,7,38,1,1,1,0.0032286538137345543,1,2,0.001343183344526528,0,0.0,1.0,0.0,1.0,0.0013298610629999266
286,41,0,0,11,2,28,1,0,0.010142665003301313,1,4,0.011661807580174927,3,0.010135135135135136,1.0,0.0,1.0,0.0012481141835932617
287,7,0,7,0,0,0,1,0,0.019987716596881342,0,0,0.0,0,0.0,1.0,0.0,1.0,0.0006347214382360133
288,3,0,0,0,0,3,1,0,0.0528867532314997,0,0,0.0,0,0.0,1.0,0.0,1.0,0.0009355091049234786
289,219,49,51,32,27,60,1,1,0.023186567680821824,2,7,0.007028112449799197,1,0.005813953488372093,1.0,0.0,1.0,0.0008141177876477655
290,36,18,1,17,0,0,1,0,0.04228777201128095,14,2,0.05,0,0.0,1.0,0.0,1.0,0.0007058001072673004
291,28,0,1,8,5,14,1,0,0.007962005068397926,2,6,0.00494641384995878,3,0.007853403141361256,1.0,0.0,1.0,0.0019838913730910145
292,418,60,96,81,93,88,1,1,0.014184681257619418,7,23,0.012111637704054766,3,0.007853403141361256,1.0,0.0,1.0,0.0017706786708857447
293,5,0,0,0,0,5,1,0,0.010036265052182287,0,4,0.019801980198019802,4,0.027586206896551724,1.0,0.0,1.0,0.0008630177939959212
294,25,0,1,5,5,14,1,0,0.0067677043081382365,5,6,0.007067137809187279,2,0.004878048780487805,1.0021857923497268,0.0,1.0,0.0009257553344322888
295,25,0,0,0,16,9,1,0,0.00942065771626776,0,2,0.006309148264984227,2,0.007722007722007722,1.0,0.0,1.0,0.0007606994628343663
296,1,0,0,1,0,0,1,0,0.08109302162163289,0,0,0.0,0,0.0,1.0,0.0,1.0,0.000786966314380341
297,123,17,12,10,26,58,1,1,0.01449670555736068,8,5,0.00992063492063492,3,0.015384615384615385,1.0,0.0,1.0,0.0011930260696452752
298,29,0,0,0,26,3,1,0,0.011242100964182006,2,17,0.012996941896024464,3,0.006097560975609756,1.0,0.0,1.0,0.0010153298874882376
299,226,32,22,31,76,65,1,0,0.008912130441614511,2,6,0.0049586776859504135,3,0.007853403141361256,1.0,0.0,1.0,0.0010191482492923523
300,214,3,20,105,35,51,1,0,0.022286202750626056,3,6,0.006166495375128468,3,0.007853403141361256,1.0,0.0,1.0,0.0008977353302536501
301,2751,405,477,665,508,696,1,0,0.018606045870607647,1,2,0.0035460992907801418,2,0.004329004329004329,1.0,0.0,1.0,0.0011679602837574195
302,13,0,0,11,1,1,1,0,0.009596807292500932,4,10,0.00966183574879227,1,0.005813953488372093,1.0,0.0,1.0,0.001314915331700783
303,150,7,32,33,36,42,1,1,0.005518164193188036,2,22,0.01301775147928994,11,0.013205282112845138,1.0,0.0,1.0,0.0009312077892421412
304,19,0,0,12,2,5,1,1,0.010558987190316782,3,12,0.02181818181818182,4,0.027586206896551724,1.0,0.0,1.0,0.0015585781520137702
305,107,0,0,9,91,7,1,0,0.008386708680041585,4,26,0.008953168044077135,1,0.0027397260273972603,1.0,0.0,1.0,0.001599154343177444
306,106,39,62,3,1,1,1,1,0.01401501304282408,4,32,0.0128,11,0.013205282112845138,1.0,0.0,1.0,0.0017317154017924196
307,155,0,24,39,79,13,1,0,0.01450019600297967,7,16,0.016913319238900635,13,0.01463963963963964,1.0,0.0,1.0,0.001246048841889419
308,159,4,24,39,79,13,1,0,0.009057299510979099,1,2,0.00202020202020202,0,0.0,1.0,0.0,1.0,0.0007579148523142765
309,22,0,10,11,1,0,1,0,0.013434084907198217,0,0,0.0,0,0.0,1.0,0.0,1.0,0.0007251072150628069
310,62,0,0,29,9,24,1,0,0.008246354246828893,2,21,0.012696493349455865,11,0.012835472578763127,1.0,0.0,1.0,0.00108861529456827
311,10,0,7,1,2,0,1,1,0.007703837054055123,2,11,0.01167728237791932,11,0.012835472578763127,1.0,0.0,1.0,0.0007204099953837204
312,43,0,22,7,1,13,1,1,0.010740797565779189,1,2,0.006756756756756757,2,0.007722007722007722,1.0,0.0,1.0,0.0006346204106937319
313,226,8,18,85,88,27,1,1,0.00935165541485143,0,0,0.0,0,0.0,1.0,0.0,1.0,0.001501860289659656
314,2751,405,477,665,508,696,1,1,0.00935165541485143,1,11,0.00676923076923077,9,0.008174386920980926,1.0,0.0,1.0,0.0014428964882496032
315,113,19,20,49,6,19,1,1,0.008899948774196564,2,2,0.0023612750885478157,1,0.0035587188612099642,1.0,0.0,1.0,0.0006433265044439884
316,1,0,0,1,0,0,1,1,0.03118962370062803,0,0,0.0,0,0.0,1.0,0.0,1.0,0.0007122705365782766
317,16,0,0,11,3,2,1,0,0.007345382393263847,1,3,0.0036231884057971015,3,0.005545286506469501,1.0,0.0,1.0,0.0010996310375905075
318,359,50,39,126,136,8,1,1,0.01952130802545765,3,2,0.0019157088122605363,0,0.0,1.0,0.0,1.0,0.0011372145891555818
319,405,71,90,109,53,82,1,1,0.0057254379835555945,4,13,0.008238276299112801,7,0.0125,1.0,0.0,1.0,0.0014673800969285963
320,176,12,27,32,102,3,1,0,0.01822795863804116,4,17,0.00994733762434172,7,0.0125,1.0,0.0,1.0,0.001090963757067681
321,17,3,6,1,1,6,1,0,0.0106202273405319,5,1,0.015873015873015872,0,0.0,1.0,0.0,1.0,0.0006526911370780378
322,8,6,2,0,0,0,1,0,0.02350522365844431,0,0,0.0,0,0.0,1.0,0.0,1.0,0.0008485279745229284
323,18,0,9,7,1,1,1,0,0.010165952565874901,1,5,0.006045949214026602,5,0.006361323155216285,1.0,0.0,1.0,0.0008588990904915456
324,15,0,0,14,0,1,1,1,0.052591708583067345,0,0,0.0,0,0.0,1.0,0.0,1.0,0.0007305620156080509
325,37,0,29,5,1,2,1,0,0.021582599792840548,3,7,0.007743362831858407,0,0.0,1.0,0.0,1.0,0.0008152892411691353
326,17,0,0,2,15,0,1,0,0.007702604637313154,2,3,0.007317073170731708,3,0.00974025974025974,1.0,0.0,1.0,0.0013153412987265693
327,7,3,1,1,1,1,1,1,0.0024837066346595064,1,10,0.007733952049497293,3,0.010135135135135136,1.0,0.0,1.0,0.0012377473106442358
328,396,19,64,101,110,102,1,0,0.015003334250070836,3,4,0.007142857142857143,3,0.006097560975609756,1.0,0.0,1.0,0.001484439361655227
329,152,2,86,55,3,6,1,0,0.025407735233931972,3,4,0.010582010582010581,3,0.010135135135135136,1.0,0.0,1.0,0.001087250365346385
330,21,0,8,2,1,10,1,0,0.011151405613535875,1,0,0.0,0,0.0,1.0,0.0,1.0,0.0008117129358970126
331,64,2,7,9,21,25,1,1,0.011603135049200252,2,17,0.010946555054732776,0,0.0,1.0,0.0,1.0,0.0008164198930381795
332,9,1,0,2,4,2,1,1,0.0055218983594497095,2,19,0.01848249027237354,8,0.017857142857142856,1.0,0.0,1.0,0.0009993311550672787
333,101,0,3,23,26,49,1,1,0.018204555874244115,1,2,0.0047169811320754715,2,0.006230529595015576,1.0,0.0,1.0,0.0007015935720230434
334,6,0,0,6,0,0,1,0,0.007862204312346677,1,4,0.011904761904761904,4,0.015384615384615385,1.0,0.0,1.0,0.0006023752553469747
335,6,0,0,0,6,0,1,1,0.00532339310426474,0,1,0.002207505518763797,1,0.002398081534772182,1.0,0.0,1.0,0.0007651768215518214
336,9,0,3,4,1,1,1,0,0.007778707109988766,2,15,0.018726591760299626,5,0.022727272727272728,1.0,0.0,1.0,0.0009136783885304399
337,51,0,2,2,26,21,1,0,0.015126363044732877,3,3,0.005607476635514018,3,0.006097560975609756,1.0,0.0,1.0,0.0007951486940300685
338,47,0,0,0,26,21,1,0,0.015912148137965754,1,0,0.0,0,0.0,1.0,0.0,1.0,0.0007700553423934886
339,8,0,0,1,6,1,1,0,0.003560181437047297,1,2,0.002014098690835851,0,0.0,1.0,0.0,1.0,0.0009752758963532154
340,20,12,2,6,0,0,1,0,0.008572201017085928,0,4,0.0071301247771836,2,0.004329004329004329,1.0,0.0,1.0,0.0006603586608922223
341,138,47,15,20,50,6,1,1,0.032437208648653154,0,0,0.0,0,0.0,1.0,0.0,1.0,0.0009046397175226437
342,666,62,108,206,144,146,1,0,0.008276883507248315,3,30,0.011746280344557557,7,0.01580135440180587,1.0,0.0,1.0,0.0032578048441746854
343,1925,254,357,450,359,505,1,1,0.01666726151593943,14,30,0.011476664116296864,1,0.0035587188612099642,1.0,0.0,1.0,0.0022988122321569516
344,284,2,38,0,3,241,1,1,0.023841898554419014,13,11,0.012600229095074456,11,0.013205282112845138,1.0,0.0,1.0,0.0007161239362033694
345,5,0,5,0,0,0,1,0,0.010352300632548878,1,2,0.00851063829787234,1,0.005291005291005291,1.0,0.0,1.0,0.000904041271382677
346,666,62,108,206,144,146,1,0,0.018123245694948508,4,22,0.014725568942436412,7,0.01580135440180587,1.0,0.0,1.0,0.0011846520373751254
347,11,0,0,0,8,3,1,0,0.006035820348370222,2,6,0.006243496357960458,3,0.007853403141361256,1.0,0.0,1.0,0.0014633241674050928
348,163,34,16,51,7,55,1,1,0.010490340464520638,8,22,0.012694748990190421,11,0.013205282112845138,1.0,0.0,1.0,0.0019302260456624518
349,1376,450,331,278,134,183,1,1,0.015869235117097452,5,22,0.012290502793296089,11,0.013205282112845138,1.0,0.0,1.0,0.0012759675657693557
350,141,47,18,20,50,6,1,0,0.021501937551190536,0,0,0.0,0,0.0,1.0,0.0,1.0,0.0024017922443354198
351,1130,402,189,207,229,103,1,0,0.017342108608188012,18,19,0.014592933947772658,3,0.012195121951219513,1.0,0.0,1.0,0.0021239814523068864
352,144,19,29,31,7,58,1,1,0.011327615291794671,4,11,0.012761020881670533,11,0.013205282112845138,1.0,0.0,1.0,0.0011871833887772
353,55,1,11,27,12,4,1,1,0.005960169278598677,2,19,0.01848249027237354,8,0.017857142857142856,1.0,0.0,1.0,0.0013123331463476746
354,288,119,99,10,40,20,1,1,0.016353167531442444,3,16,0.009417304296645085,0,0.0,1.0,0.0,1.0,0.0010291244573573325
355,309,119,99,10,40,41,1,1,0.015932657509205354,2,22,0.012694748990190421,11,0.013205282112845138,1.0,0.0,1.0,0.0014421176826746108
356,51,1,0,3,6,41,1,1,0.009280308342051204,3,11,0.012528473804100227,11,0.013205282112845138,1.0,0.0,1.0,0.0009524495337433602
357,1,0,0,0,1,0,1,1,0.016218604324326577,0,0,0.0,0,0.0,1.0,0.0,1.0,0.0008274616070156146
358,62,1,3,38,18,2,1,0,0.009002000550042502,2,15,0.015136226034308779,11,0.01896551724137931,1.0,0.0,1.0,0.0009689133621512633
359,3,0,0,3,0,0,1,0,0.003037191821034939,1,4,0.00749063670411985,2,0.004329004329004329,1.0,0.0,1.0,0.0009246160167805977
360,28,0,8,12,5,3,1,1,0.0119876640658066,3,17,0.016831683168316833,11,0.01896551724137931,1.0,0.0,1.0,0.0009623943242490708
361,565,43,137,114,100,171,1,1,0.00856384468790599,1,7,0.012006861063464836,7,0.0125,1.0,0.0,1.0,0.0013815258531504361
362,103,0,3,7,17,76,1,0,0.006926609444989041,5,24,0.011075219197046609,8,0.017857142857142856,1.0,0.0,1.0,0.0014919131245684804
363,191,18,26,45,15,87,1,1,0.012361741100858671,2,22,0.012672811059907835,11,0.013205282112845138,1.0,0.0,1.0,0.0017307106416510956
364,666,62,108,206,144,146,1,0,0.011533229741743343,5,30,0.011177347242921014,1,0.0035587188612099642,1.0,0.0,1.0,0.0009379897265684842
365,1,1,0,0,0,0,1,1,0.04505167867868493,0,0,0.0,0,0.0,1.0,0.0,1.0,0.0009510673506418962
366,749,95,149,229,121,155,1,0,0.008117319267612782,3,22,0.010362694300518135,7,0.01580135440180587,1.0,0.0,1.0,0.0009904231155632777
367,41,6,11,10,11,3,1,1,0.009862664791820215,1,4,0.011299435028248588,4,0.011299435028248588,1.0,0.0,1.0,0.0006325665707315911
368,1,0,1,0,0,0,1,0,0.4054651081081644,0,0,0.0,0,0.0,1.0,0.0,1.0,0.0006046927015341702
369,88,0,26,44,2,16,1,1,0.048780093465886444,2,0,0.0,0,0.0,1.0,0.0,1.0,0.0012824599165545823
370,256,44,43,53,81,35,1,1,0.01922419324703507,2,7,0.010057471264367816,3,0.010135135135135136,1.0,0.0,1.0,0.0011310581341711164
371,63,0,13,4,28,18,1,0,0.011594756124410247,4,17,0.015057573073516387,14,0.018134715025906734,1.0,0.0,1.0,0.0010365052368235329
372,198,4,22,31,76,65,1,1,0.010058049193380821,2,6,0.004893964110929853,3,0.007853403141361256,1.0,0.0,1.0,0.001507618453601524
373,150,15,13,68,9,45,1,0,0.01609231024393117,8,4,0.011799410029498525,3,0.010135135135135136,1.0,0.0,1.0,0.0008570174648856093
374,4,0,0,4,0,0,1,1,0.052318078465569594,0,0,0.0,0,0.0,1.0,0.0,1.0,0.0010016059057979547
375,14,0,0,0,14,0,1,0,0.006667789561684771,1,9,0.007887817703768623,9,0.008174386920980926,1.0,0.0,1.0,0.0007361494218202361
376,17,0,0,0,17,0,1,1,0.02703100720721096,0,0,0.0,0,0.0,1.0,0.0,1.0,0.0009470886439509823
377,86,38,39,5,1,3,1,0,0.017725250627679316,10,2,0.0019821605550049554,0,0.0,1.0,0.0,1.0,0.0008790656578482477
378,2,0,0,1,1,0,1,1,0.0012231224980638444,0,2,0.0030165912518853697,1,0.002398081534772182,1.0,0.0,1.0,0.0008475691752089566
379,666,62,108,206,144,146,1,1,0.01224648389558474,2,22,0.014492753623188406,7,0.01580135440180587,1.0,0.0,1.0,0.0010954536564413695
380,9,0,0,1,8,0,1,1,0.05792358687259491,0,0,0.0,0,0.0,1.0,0.0,1.0,0.000808954290247227
381,20,0,0,0,0,20,1,1,0.010093122862778341,2,11,0.011802575107296138,11,0.013205282112845138,1.0,0.0,1.0,0.0008285340105076394
382,7,0,1,6,0,0,1,1,0.005424282382717917,1,3,0.005253940455341506,2,0.004329004329004329,1.0,0.0,1.0,0.0015737583630891707
383,303,55,42,83,49,74,1,1,0.019811309017265254,1,9,0.007908611599297012,3,0.010135135135135136,1.0,0.0,1.0,0.0010340669086417852
384,230,28,28,47,88,39,1,1,0.015418986530388824,0,2,0.003816793893129771,2,0.004329004329004329,1.0,0.0,1.0,0.0012560085490100363
385,57,5,9,13,8,22,1,0,0.016412323553150646,4,4,0.019417475728155338,4,0.027586206896551724,1.0,0.0,1.0,0.0007313918609741896
386,8,0,0,0,0,8,1,0,0.009163053290579986,0,0,0.0,0,0.0,1.0,0.0,1.0,0.0014264899186680732
387,666,62,108,206,144,146,1,0,0.012068942419939029,8,41,0.013662112629123625,7,0.01580135440180587,1.0,0.0,1.0,0.0010017783641188863
388,1268,234,259,286,215,274,1,0,0.015861686670702677,1,4,0.011869436201780416,4,0.015384615384615385,1.0,0.0,1.0,0.0005031933501374988
389,10,0,9,1,0,0,1,1,0.010396541233542677,1,1,0.002688172043010753,1,0.0030864197530864196,1.0,0.0,1.0,0.0005923037254795925
390,1,0,1,0,0,0,1,1,0.025341569256760274,0,0,0.0,0,0.0,1.0,0.0,1.0,0.0013243470982495838
391,144,19,29,31,7,58,1,1,0.006234305404622198,4,11,0.012235817575083427,11,0.013205282112845138,1.0,0.0,1.0,0.001077995641721974
392,726,147,100,141,135,203,1,0,0.011048507985030235,2,6,0.006493506493506494,5,0.0056947608200455585,1.0,0.0,1.0,0.0010718264156577186
393,666,62,108,206,144,146,1,0,0.008531930339442655,3,30,0.013793103448275862,7,0.01580135440180587,1.0,0.0,1.0,0.0007739579520308871
394,88,51,21,7,8,1,1,0,0.0376175135709416,3,5,0.045454545454545456,0,0.0,1.0,0.0,1.0,0.0006720917361599482
395,3,0,0,0,0,3,1,1,0.029381529573055388,0,0,0.0,0,0.0,1.0,0.0,1.0,0.001629854347574097
396,73,4,29,15,20,5,1,1,0.008999809642587762,4,28,0.009651844191658049,13,0.01463963963963964,1.0,0.0,1.0,0.000990629832413676
397,5,0,0,0,5,0,1,1,0.009943286029900487,1,2,0.005449591280653951,2,0.006230529595015576,1.0,0.0,1.0,0.0007922775137811196
398,1925,254,357,450,359,505,1,1,0.01651371696028821,2,4,0.009900990099009901,3,0.012195121951219513,1.0,0.0,1.0,0.001153277791525104
399,3510,405,651,988,649,817,1,0,0.005798071072552646,2,22,0.011005502751375688,13,0.01463963963963964,1.0,0.0,1.0,0.0015416284865548177
400,835,75,412,56,61,231,1,0,0.030269096612241437,13,14,0.010332103321033211,11,0.013205282112845138,1.0,0.0,1.0,0.0011659449488836589
401,82,0,27,51,3,1,1,0,0.02565742774222325,2,2,0.003766478342749529,2,0.004329004329004329,1.0,0.0,1.0,0.0008361516684472086
402,1593,194,260,389,285,465,1,0,0.01850653095825272,2,13,0.011054421768707483,0,0.0,1.0,0.0,1.0,0.0008482990199743552
403,51,0,13,33,4,1,1,1,0.017566315052981556,7,1,0.01098901098901099,0,0.0,1.0,0.0,1.0,0.0009278616831251334
404,25,0,0,5,20,0,1,1,0.010279397106967547,5,4,0.010582010582010581,3,0.00974025974025974,1.0,0.0,1.0,0.001022289576793701
405,2,0,1,1,0,0,1,0,0.0016651544480828107,1,5,0.00513347022587269,5,0.0056947608200455585,1.0,0.0,1.0,0.0015694768051188975
406,93,8,21,20,8,36,1,0,0.005066602161432652,3,27,0.009342560553633217,13,0.01463963963963964,1.0,0.0,1.0,0.000945181587783881
407,6,0,6,0,0,0,1,0,0.020567070701138772,1,0,0.0,0,0.0,1.0,0.0,1.0,0.0008811962657779325
408,16,16,0,0,0,0,1,0,0.022217266197707638,0,0,0.0,0,0.0,1.0,0.0,1.0,0.0009026568423453798
409,1,1,0,0,0,0,1,0,0.017628917743833232,0,0,0.0,0,0.0,1.0,0.0,1.0,0.0005289067893564225
410,3,0,3,0,0,0,1,1,0.01885884223758904,1,1,0.011627906976744186,1,0.019230769230769232,1.0,0.0,1.0,0.0009019407953987615
411,9,0,0,5,2,2,1,0,0.005252989254842615,2,6,0.004858299595141701,3,0.007853403141361256,1.0,0.0,1.0,0.0009580936047760099
412,10,0,0,2,3,5,1,1,0.004045404442356258,1,2,0.001968503937007874,0,0.0,1.0,0.0,1.0,0.0009915006893058906
413,3,0,0,3,0,0,1,1,0.002452409928073575,0,2,0.004032258064516129,2,0.004329004329004329,1.0,0.0,1.0,0.0007399253853260026
414,3,0,0,0,0,3,1,0,0.004792731774328184,0,2,0.004739336492890996,2,0.004878048780487805,1.0,0.0,1.0,0.0010114076522680661
415,198,4,22,31,76,65,1,0,0.017783557373165105,2,6,0.006172839506172839,3,0.007853403141361256,1.0,0.0,1.0,0.0018522756834307532
416,1398,455,300,283,170,190,1,0,0.01017657707552124,7,41,0.013509060955518945,8,0.017857142857142856,1.0,0.0,1.0,0.001229615816459305
417,666,62,108,206,144,146,1,1,0.01134006295507994,2,22,0.012607449856733524,7,0.01580135440180587,1.0,0.0,1.0,0.0011971102252599296
418,61,6,11,12,11,21,1,1,0.00900148471831485,4,38,0.015510204081632653,8,0.017857142857142856,1.0,0.0,1.0,0.0030782347258786493
419,1398,455,300,283,170,190,1,0,0.021903239175088338,21,23,0.0164756446991404,8,0.017857142857142856,1.0,0.0,1.0,0.0013009998096386673
420,400,20,31,28,149,172,1,1,0.020744726461347944,0,0,0.0,0,0.0,1.0,0.0,1.0,0.0008927318942567098
421,18,0,1,6,8,3,1,0,0.0066469689853797444,1,3,0.00546448087431694,3,0.005545286506469501,1.0,0.0,1.0,0.0005501136552553144
422,1,0,0,1,0,0,1,1,0.01930786229086497,0,0,0.0,0,0.0,1.0,0.0,1.0,0.0006192471966241699
423,1,0,1,0,0,0,1,1,0.08109302162163289,0,0,0.0,0,0.0,1.0,0.0,1.0,0.001010764453705969
424,84,1,10,32,20,21,1,0,0.015507527455629421,2,2,0.002386634844868735,1,0.0035587188612099642,1.0,0.0,1.0,0.0006754527981326424
425,114,0,0,28,8,78,1,0,0.025253882165906433,7,5,0.01718213058419244,5,0.022727272727272728,1.0,0.0,1.0,0.0007445883301097476
426,51,48,1,2,0,0,1,0,0.03427974493913147,0,0,0.0,0,0.0,1.0,0.0,1.0,0.001059602622329043
427,416,119,155,86,27,29,1,1,0.02836587176065348,17,1,0.014285714285714285,0,0.0,1.0,0.0,1.0,0.001305214671917458
428,469,68,77,56,169,99,1,1,0.023745249933499784,4,4,0.004932182490752158,0,0.0,1.0,0.0,1.0,0.0010261107740727323
429,17,0,14,1,1,1,1,1,0.006858876259474478,3,23,0.016129032258064516,8,0.017857142857142856,1.0,0.0,1.0,0.0009540109027939371
430,54,0,0,0,33,21,1,0,0.015836347656749853,4,3,0.011278195488721804,3,0.013761467889908258,1.0,0.0,1.0,0.003579096440813747
431,682,62,124,206,144,146,1,1,0.019629440010953954,16,39,0.014823261117445839,11,0.013205282112845138,1.0,0.0,1.0,0.0009440954578453917
432,1,1,0,0,0,0,1,1,0.04054651081081644,0,0,0.0,0,0.0,1.0,0.0,1.0,0.0007681639022522836
433,166,8,18,85,28,27,1,1,0.005690738359412834,0,0,0.0,0,0.0,1.0,0.0,1.0,0.0007385064324957839
434,4,0,0,4,0,0,1,0,0.025341569256760274,0,0,0.0,0,0.0,1.0,0.0,1.0,0.0008482833286975161
435,138,47,15,20,50,6,1,0,0.02444293204907374,0,0,0.0,0,0.0,1.0,0.0,1.0,0.0009176367404100086
436,70,5,39,12,8,6,1,0,0.01784328211709351,6,3,0.009900990099009901,3,0.013761467889908258,1.0,0.0,1.0,0.0007680930584090292
437,68,0,64,1,3,0,1,1,0.025684022895365144,7,2,0.019230769230769232,0,0.0,1.0,0.0,1.0,0.0006582236611974843
438,2,0,2,0,0,0,1,0,0.04914728583129265,0,0,0.0,0,0.0,1.0,0.0,1.0,0.0009559135847002239
439,212,5,53,59,36,59,1,1,0.012431311588364554,2,15,0.013686131386861315,14,0.018134715025906734,1.0,0.0,1.0,0.0006210968605114228
440,2,0,0,2,0,0,1,0,0.07602470777028082,1,1,0.0625,1,0.125,1.0,0.0,1.0,0.0006588951593331776
441,166,8,18,85,28,27,1,0,0.0018334597179094168,1,7,0.007049345417925478,4,0.011695906432748537,1.0,0.0,1.0,0.002296697209750236
442,1398,455,300,283,170,190,1,0,0.010172292753516745,10,56,0.01384083044982699,8,0.017857142857142856,1.0,0.0,1.0,0.0009061257386448147
443,18,15,0,0,3,0,1,1,0.019381697328306136,0,0,0.0,0,0.0,1.0,0.0,1.0,0.000694746882647984
444,62,0,2,17,29,14,1,0,0.017307989548873307,0,4,0.022727272727272728,4,0.027586206896551724,1.0,0.0,1.0,0.0008418118930992013
445,13,0,13,0,0,0,1,0,0.016847580669314313,2,4,0.016736401673640166,1,0.005291005291005291,1.0,0.0,1.0,0.0006816190896339895
446,64,0,0,2,1,61,1,1,0.17811822629917157,0,4,0.019704433497536946,4,0.027586206896551724,1.0,0.0,1.0,0.000615939556796056
447,12,8,1,1,1,1,1,1,0.03516789202978977,0,1,0.25,1,0.25,1.0,0.0,1.0,0.0011195563556319348
448,190,10,36,22,32,90,1,0,0.009596807292500932,2,22,0.012933568489124045,11,0.013205282112845138,1.0,0.0,1.0,0.0011107030552175352
449,190,10,36,22,32,90,1,1,0.00675775180180274,2,22,0.01301775147928994,11,0.013205282112845138,1.0,0.0,1.0,0.0008371419767581737
450,109,0,64,5,2,38,1,0,0.030675509024244055,1,0,0.0,0,0.0,1.0,0.0,1.0,0.0007365153537112446
451,41,0,0,0,0,41,1,1,0.01941794132331004,1,0,0.0,0,0.0,1.0,0.0,1.0,0.0009221798499306745
452,12,0,0,1,7,4,1,1,0.008644433776925331,1,14,0.018134715025906734,14,0.018134715025906734,1.0,0.0,1.0,0.0007681478030545361
453,62,7,9,8,35,3,1,1,0.010880570311340976,1,14,0.018134715025906734,14,0.018134715025906734,1.0,0.0,1.0,0.0007114650915139601
454,170,35,124,7,4,0,1,1,0.028575636190480154,11,5,0.03875968992248062,1,0.022727272727272728,1.0,0.0,1.0,0.0009726263754587635
455,32,0,0,0,1,31,1,1,0.008289725601730361,2,0,0.0,0,0.0,1.0,0.0,1.0,0.0008902869406494482
456,15,0,0,9,6,0,1,0,0.0073667352490582195,4,4,0.009852216748768473,3,0.00974025974025974,1.0,0.0,1.0,0.0005321721740696054
457,115,0,0,8,7,100,1,1,0.03097935657455638,2,4,0.014134275618374558,3,0.015384615384615385,1.0,0.0,1.0,0.0008281158950248077
458,21,0,0,1,14,6,1,0,0.0079644931949818,1,3,0.005535055350553505,3,0.005703422053231939,1.0,0.0,1.0,0.0009638479346233471
